year,K,L,D,AI,H,TFP_A,Y_forecast
2025,19178.886901584763,245.0,19.5,65.0,35.0,20.413582915381195,12847.600000000004
2026,20329.62011567985,259.7,21.6,72.0,35.0,20.65854591036577,13834.942654465633
2027,21549.397322620644,275.28200000000004,23.7,79.0,35.0,20.906448461290157,14872.716577433614
2028,22842.36116197788,291.79892,25.8,86.0,35.0,21.15732584282564,15965.666679142341
2029,24212.902831696556,309.3068552000001,27.9,93.0,35.0,21.411213752939545,17118.439767572425
2030,25665.67700159835,327.86526651200006,30.0,100.0,35.0,21.668148317974826,18335.68586346362
