region_name,topsis_score,distance_best,distance_worst,grdp_per_capita,fdi_registered,digital_index,ai_readiness,trained_labor,rd_intensity,internet_penetration,gini,rank
Đông Nam Bộ,0.9281040631544561,0.012655932891158711,0.1633753346236653,158.9,18.5,82.0,75.0,42.5,0.78,94.0,0.385,1
Đồng bằng sông Hồng,0.9203160394873919,0.014353158294538261,0.16577290726651697,152.3,20.0,78.0,68.0,36.8,0.85,92.0,0.358,2
Bắc Trung Bộ và duyên hải miền Trung,0.3436841656768713,0.1151022295392019,0.060274050477343424,87.5,8.2,55.0,40.0,27.5,0.32,84.0,0.372,3
Đồng bằng sông Cửu Long,0.1409251849114315,0.1530438187939681,0.025105762716381014,80.5,2.1,48.0,30.0,16.8,0.22,78.0,0.392,4
Trung du miền núi phía Bắc,0.10370350291492193,0.157853880058271,0.01826404584208085,57.0,3.5,38.0,22.0,21.5,0.18,72.0,0.405,5
Tây Nguyên,0.03592522162666348,0.17083447811574629,0.006365965198441127,68.9,0.8,32.0,18.0,18.2,0.15,68.0,0.412,6
