solution_id,method,total_budget,gdp_gain,inequality,emission,net_cyber_risk,NMM_I,NMM_D,NMM_AI,NMM_H,RRD_I,RRD_D,RRD_AI,RRD_H,NCC_I,NCC_D,NCC_AI,NCC_H,CH_I,CH_D,CH_AI,CH_H,SE_I,SE_D,SE_AI,SE_H,MD_I,MD_D,MD_AI,MD_H,compromise_score
random_2984,random,49939.08951363954,48890.09100031198,1984.542293848522,4404.872940356082,-3315.8964344319884,16.057708255512836,8999.590000000004,32.77158394614215,468.7943478175333,2875.2409588103387,0.0,1600.3588218314546,3437.378541199821,21.539211838027143,499.59000000000486,51.347998086124456,8833.878770986226,0.0011361717480058641,11999.590000000004,0.00356506283664587,0.0073162011715546624,34.92428156038408,0.0,2507.4497207457907,2669.6753783919544,50.92899398024772,3999.5900000000047,50.07114162546441,1790.3000371287415,0.7261296959179115
