sector,labor_million,risk_pct,a1,a2,b1,c1,d1,risk,x_AI,x_H,NewJob,UpgradeJob,DisplacedJob,RetrainingCapacity,NetJob,total_allocation
Nông-Lâm-Thủy sản,13.2,18,0.92,0.22,0.74,0.62,1.1,0.18,0.0,0.0,0.0,0.0,0.0,0.0,0.0,0.0
Công nghiệp chế biến chế tạo,11.5,42,1.18,0.36,0.82,0.88,1.24,0.42,0.0,0.0,0.0,0.0,0.0,0.0,0.0,0.0
Xây dựng,4.8,25,0.84,0.2,0.68,0.58,1.02,0.25,0.0,0.0,0.0,0.0,0.0,0.0,0.0,0.0
Bán buôn-bán lẻ,7.8,38,1.04,0.28,0.78,0.82,1.16,0.38,0.0,0.0,0.0,0.0,0.0,0.0,0.0,0.0
Tài chính-Ngân hàng-Bảo hiểm,0.55,52,1.35,0.42,0.9,0.95,1.28,0.52,0.0,0.0,0.0,0.0,0.0,0.0,0.0,0.0
Logistics-Vận tải-Kho bãi,1.95,35,1.08,0.3,0.8,0.76,1.14,0.35,0.0,0.0,0.0,0.0,0.0,0.0,0.0,0.0
Thông tin-Truyền thông-CNTT,0.62,28,1.55,0.48,0.96,0.54,1.32,0.28,26916.80261011419,3083.1973898858087,41721.044045677,2959.869494290376,4069.8205546492663,4069.8205546492677,40611.09298531811,30000.0
Giáo dục-Đào tạo,2.15,22,0.96,0.34,0.88,0.46,1.25,0.22,0.0,0.0,0.0,0.0,0.0,0.0,0.0,0.0
